alex@gmail.com,Alex321,Alex,2
bryan@gmail.com,Bryan123,Bryan,3
charlie@outlook.com,Charlie001,Charlie,4
dabid@gmail.com,David4,David,5
eric@yahoo.com,EricCz,Eric,6
faiz@gmail.com,FaizAzi,Faiz,3
heidi@yahoo.com,cutepie,Heidi,4
ivan@gmail.com,gamer,Ivan,5
jack@hotmail.com,Jack666,Jack,6
kelvin@gmail.com,Kelvin,Kelvin,7
abby@gmail.com,AbbyGail,Abby,10